Load Number,Amount,SmartTrucker Date,Bank Deposit Date,Description
BATCH_PAYMENT,$4085.55,Apr 03 2025,04/04/2025,S PROVISIONS LLC batch payment
BATCH_PAYMENT,$1389.36,Apr 04 2025,04/08/2025,S PROVISIONS LLC batch payment
BATCH_PAYMENT,$467.98,Apr 06 2025,04/08/2025,S PROVISIONS LLC batch payment
BATCH_PAYMENT,$875.53,Apr 07 2025,04/09/2025,S PROVISIONS LLC batch payment
BATCH_PAYMENT,$424.97,Apr 09 2025,04/11/2025,S PROVISIONS LLC batch payment
BATCH_PAYMENT,$2213.32,Apr 15 2025,04/16/2025,S PROVISIONS LLC batch payment
BATCH_PAYMENT,$2120.57,Apr 18 2025,04/21/2025,S PROVISIONS LLC batch payment
BATCH_PAYMENT,$4716.36,Apr 30 2025,05/01/2025,S PROVISIONS LLC batch payment
BATCH_PAYMENT,$2126.27,May 09 2025,05/12/2025,S PROVISIONS LLC batch payment
BATCH_PAYMENT,$984.70,May 14 2025,05/16/2025,S PROVISIONS LLC batch payment
BATCH_PAYMENT,$1394.17,May 20 2025,05/22/2025,S PROVISIONS LLC batch payment
BATCH_PAYMENT,$950.56,May 25 2025,05/28/2025,S PROVISIONS LLC batch payment
BATCH_PAYMENT,$2771.78,Jun 01 2025,06/03/2025,S PROVISIONS LLC batch payment
BATCH_PAYMENT,$1099.11,Jun 06 2025,06/09/2025,S PROVISIONS LLC batch payment
BATCH_PAYMENT,$5100.94,Jun 17 2025,06/18/2025,S PROVISIONS LLC batch payment
BATCH_PAYMENT,$4025.00,Jun 20 2025,06/24/2025,S PROVISIONS LLC batch payment
BATCH_PAYMENT,$2651.00,Jun 26 2025,06/27/2025,S PROVISIONS LLC batch payment
BATCH_PAYMENT,$1803.78,Jun 26 2025,06/27/2025,S PROVISIONS LLC batch payment
BATCH_PAYMENT,$3461.07,Jun 30 2025,07/02/2025,S PROVISIONS LLC batch payment
BATCH_PAYMENT,$4064.70,Jul 09 2025,07/10/2025,S PROVISIONS LLC batch payment
BATCH_PAYMENT,$4840.62,Jul 14 2025,07/16/2025,S PROVISIONS LLC batch payment
BATCH_PAYMENT,$2863.63,Jul 17 2025,07/21/2025,S PROVISIONS LLC batch payment
BATCH_PAYMENT,$5239.42,Jul 24 2025,07/28/2025,S PROVISIONS LLC batch payment
BATCH_PAYMENT,$4791.94,Jul 29 2025,07/31/2025,S PROVISIONS LLC batch payment
BATCH_PAYMENT,$4813.38,Aug 01 2025,08/05/2025,S PROVISIONS LLC batch payment
BATCH_PAYMENT,$2899.39,Aug 06 2025,08/07/2025,S PROVISIONS LLC batch payment
BATCH_PAYMENT,$3569.31,Aug 08 2025,08/12/2025,S PROVISIONS LLC batch payment
BATCH_PAYMENT,$584.97,Aug 10 2025,08/12/2025,S PROVISIONS LLC batch payment
BATCH_PAYMENT,$1642.81,Aug 11 2025,08/13/2025,S PROVISIONS LLC batch payment
BATCH_PAYMENT,$4694.31,Aug 14 2025,08/15/2025,S PROVISIONS LLC batch payment
BATCH_PAYMENT,$1637.89,Aug 19 2025,08/21/2025,S PROVISIONS LLC batch payment
BATCH_PAYMENT,$5364.17,Aug 25 2025,08/27/2025,S PROVISIONS LLC batch payment
BATCH_PAYMENT,$877.44,Aug 26 2025,08/27/2025,S PROVISIONS LLC batch payment
BATCH_PAYMENT,$1225.79,Aug 30 2025,09/03/2025,S PROVISIONS LLC batch payment
BATCH_PAYMENT,$953.97,Sep 02 2025,09/04/2025,S PROVISIONS LLC batch payment
BATCH_PAYMENT,$2493.91,Sep 04 2025,09/08/2025,S PROVISIONS LLC batch payment
BATCH_PAYMENT,$4882.62,Sep 09 2025,09/10/2025,S PROVISIONS LLC batch payment
BATCH_PAYMENT,$2967.76,Sep 10 2025,09/11/2025,S PROVISIONS LLC batch payment
BATCH_PAYMENT,$1758.82,Sep 13 2025,09/16/2025,S PROVISIONS LLC batch payment
BATCH_PAYMENT,$4336.61,Sep 19 2025,09/22/2025,S PROVISIONS LLC batch payment
BATCH_PAYMENT,$3100.15,Sep 23 2025,09/25/2025,S PROVISIONS LLC batch payment
BATCH_PAYMENT,$5602.64,Oct 01 2025,10/03/2025,S PROVISIONS LLC batch payment
BATCH_PAYMENT,$1499.67,Oct 02 2025,10/03/2025,S PROVISIONS LLC batch payment
BATCH_PAYMENT,$950.58,Oct 03 2025,10/06/2025,S PROVISIONS LLC batch payment
BATCH_PAYMENT,$3078.97,Oct 04 2025,10/07/2025,S PROVISIONS LLC batch payment
BATCH_PAYMENT,$151.12,Oct 06 2025,10/07/2025,S PROVISIONS LLC batch payment
BATCH_PAYMENT,$146.25,Oct 07 2025,10/08/2025,S PROVISIONS LLC batch payment
BATCH_PAYMENT,$1135.83,Oct 07 2025,10/09/2025,S PROVISIONS LLC batch payment
BATCH_PAYMENT,$165.75,Oct 08 2025,10/09/2025,S PROVISIONS LLC batch payment
BATCH_PAYMENT,$745.87,Oct 08 2025,10/10/2025,S PROVISIONS LLC batch payment
BATCH_PAYMENT,$1199.03,Oct 11 2025,10/15/2025,S PROVISIONS LLC batch payment
BATCH_PAYMENT,$2146.93,Oct 14 2025,10/15/2025,S PROVISIONS LLC batch payment
BATCH_PAYMENT,$1555.06,Oct 15 2025,10/17/2025,S PROVISIONS LLC batch payment
BATCH_PAYMENT,$1199.03,Oct 17 2025,10/15/2025,S PROVISIONS LLC batch payment
BATCH_PAYMENT,$4007.93,Oct 20 2025,10/22/2025,S PROVISIONS LLC batch payment
BATCH_PAYMENT,$1316.16,Oct 22 2025,10/24/2025,S PROVISIONS LLC batch payment
BATCH_PAYMENT,$253.50,Oct 23 2025,10/27/2025,S PROVISIONS LLC batch payment
BATCH_PAYMENT,$133.57,Oct 24 2025,10/28/2025,S PROVISIONS LLC batch payment
BATCH_PAYMENT,$321.75,Oct 27 2025,10/29/2025,S PROVISIONS LLC batch payment
BATCH_PAYMENT,$2298.07,Oct 28 2025,10/30/2025,S PROVISIONS LLC batch payment
BATCH_PAYMENT,$292.50,Oct 29 2025,10/31/2025,S PROVISIONS LLC batch payment
EF-58366,$80.00,,04/01/2025,EF-58366 Expedited Freigh
EF-59037,$80.00,,04/07/2025,EF-59037 Expedited Freigh
EF-59384,$80.00,,04/10/2025,EF-59384 Expedited Freigh
EF-59377,$80.00,,04/10/2025,EF-59377 Expedited Freigh
ETR13355,$125.00,,04/14/2025,ETR13355 Express 4x4 Truc
EF-59604,$80.00,,04/15/2025,EF-59604 Expedited Freigh
EF-159393,$80.00,,04/15/2025,EF-159393 Expedited Freigh
EF-60084,$170.00,,04/17/2025,EF-60084 Expedited Freigh
EF-60199,$80.00,,04/18/2025,EF-60199 Expedited Freigh
EF-60427,$80.00,,04/23/2025,EF-60427 Expedited Freigh
EF-61906,$70.00,,05/13/2025,EF-61906 Expedited Freigh
250603267,$250.00,,06/04/2025,250603267 ANEW TRANSPORT L
3039935708,$1287.53,,06/04/2025,VISA EJCPERFORMA 3039935708 CO ON 06-03 9160
EF-66048,$150.00,,07/03/2025,EF-66048 Expedited Freigh
EF-68703,$80.00,,07/31/2025,EF-68703 Expedited Freigh
EF-68984,$80.00,,07/31/2025,EF-68984 Expedited Freigh
EF-68786,$80.00,,07/31/2025,EF-68786 Expedited Freigh
EF-67783,$125.00,,07/31/2025,EF-67783D Expedited Freigh
EF-67522,$375.00,,07/31/2025,EF-67522 Expedited Freigh
EF-67522,$300.00,,08/01/2025,EF-67522D Expedited Freigh
EF-69285,$80.00,,08/05/2025,EF-69285 Expedited Freigh
EF-68985,$80.00,,08/06/2025,EF-68985 Expedited Freigh
EF-69429,$150.00,,08/06/2025,EF-69429 Expedited Freigh
EF-69595,$225.00,,08/07/2025,EF-69595 Expedited Freigh
EF-69274,$375.00,,08/07/2025,EF-69274 Expedited Freigh
EF-69808,$80.00,,08/08/2025,EF-69808 Expedited Freigh
EF-69611,$80.00,,08/08/2025,EF-69611 Expedited Freigh
EF-69610,$80.00,,08/08/2025,EF-69610 Expedited Freigh
250812322,$225.00,,08/13/2025,250812322 ANEW TRANSPORT L
EF-70230,$80.00,,08/18/2025,EF-70230 Expedited Freigh
EF-69271,$125.00,,08/18/2025,EF-69271 Expedited Freigh
250815258,$425.00,,08/18/2025,250815258 ANEW TRANSPORT L
250818222,$50.00,,08/19/2025,250818222 ANEW TRANSPORT L
250819282,$150.00,,08/20/2025,250819282 ANEW TRANSPORT L
EF-71514,$345.00,,08/27/2025,EF-71514 Expedited Freigh
EF-72298,$80.00,,08/29/2025,EF-72298 Expedited Freigh
EF-72236,$80.00,,09/02/2025,EF-72236 Expedited Freigh
EF-72146,$80.00,,09/02/2025,EF-72146 Expedited Freigh
EF-72127,$115.00,,09/02/2025,EF-72127 Expedited Freigh
EF-71165,$330.00,,09/02/2025,EF-71165D Expedited Freigh
EF-72992,$80.00,,09/09/2025,EF-72992 Expedited Freigh
EF-73032,$80.00,,09/10/2025,EF-73032 Expedited Freigh
EF-73134,$80.00,,09/10/2025,EF-73134 Expedited Freigh
EF-73423,$320.00,,09/12/2025,EF-73423 Expedited Freigh
EF-73445,$80.00,,09/15/2025,EF-73445 Expedited Freigh
EF-75093,$345.00,,09/29/2025,EF-75093 Expedited Freigh
251027231,$388.00,,10/28/2025,251027231 ANEW TRANSPORT L
251030372,$388.00,,10/31/2025,251030372 ANEW TRANSPORT L
