4/1/2025,EF-58366 Expedited Freigh,EFT,80
4/1/2025,ZELLE PAYMENT FROM SKYWALK CO,TRANSFER,150
4/1/2025,EDI PYMNTS MANHEIM US,EFT,155.62
4/1/2025,Ach transf S PROVISIONS LLC,EFT,2348.79
4/1/2025,"VISA RMT EQUIPMENT LEASING, 303-524-3820 CO ON 03-31 9160",VISA,-911.11
4/1/2025,INS PREM ARTISAN & TRUCK,EFT,-1143.37
4/2/2025,A CARVANA,EFT,73.5
4/2/2025,MOBILE DEPOSIT,DEPOSIT,135
4/2/2025,EDI PYMNTS MANHEIM US,EFT,620.9
4/2/2025,VISA SHELL OIL 57443772900 AURORA CO ON 03-31 8221,VISA,-62.64
4/2/2025,VISA MY SUPER DISPATCH LLC 8169747002 KS ON 04-02 9160,VISA,-150
4/3/2025,EDI PYMNTS MANHEIM US,EFT,311.04
4/3/2025,VISA EJCPERFORMA 3039935708 CO ON 03-31 9160,VISA,-1287.53
4/3/2025,VISA RV VAULT AURORA 720-9032619 CO ON 04-01 8221,VISA,-224.4
4/3/2025,VISA SHELL OIL 57443772900 AURORA CO ON 04-01 8221,VISA,-89.64
4/3/2025,VISA CIRCLE K # 44052 AURORA CO ON 04-03 8221,VISA,-99.63
4/4/2025,EDI PYMNTS MANHEIM US,EFT,457.56
4/4/2025,Ach transf S PROVISIONS LLC,EFT,4085.55
4/7/2025,EF-59037 Expedited Freigh,EFT,80
4/7/2025,ZELLE PAYMENT FROM SKYWALK CO,TRANSFER,150
4/7/2025,EDI PYMNTS MANHEIM US,EFT,375.25
4/7/2025,ZELLE PAYMENT TO BIG RICH,TRANSFER,-1100.01
4/7/2025,ZELLE PAYMENT TO STEVE MARTIN,TRANSFER,-1226.72
4/7/2025,ACTIVITY CHARGE,FEE,-4
4/8/2025,Ach transf S PROVISIONS LLC,EFT,467.98
4/8/2025,EDI PYMNTS MANHEIM US,EFT,979.04
4/8/2025,Ach transf S PROVISIONS LLC,EFT,1389.36
4/8/2025,"VISA RMT EQUIPMENT LEASING, 303-524-3820 CO ON 04-07 9160",VISA,-923.63
4/9/2025,Ach transf S PROVISIONS LLC,EFT,875.53
4/9/2025,EDI PYMNTS MANHEIM US,EFT,933.44
4/9/2025,VISA SHELL OIL 57443772900 AURORA CO ON 04-07 8221,VISA,-120.51
4/10/2025,EF-59384 Expedited Freigh,EFT,80
4/10/2025,EF-59377 Expedited Freigh,EFT,80
4/10/2025,EDI PYMNTS MANHEIM US,EFT,1148.68
4/10/2025,ZELLE PAYMENT TO BIG RICH,TRANSFER,-1802.44
4/11/2025,A CARVANA,EFT,90.55
4/11/2025,Ach transf S PROVISIONS LLC,EFT,424.97
4/11/2025,EDI PYMNTS MANHEIM US,EFT,579.47
4/14/2025,A CARVANA,EFT,84.51
4/14/2025,ETR13355 Express 4x4 Truc,EFT,125
4/14/2025,A CARVANA,EFT,147
4/14/2025,EDI PYMNTS MANHEIM US,EFT,815.48
4/14/2025,INTERNET TRANSFER #980122 TO CHECKING XXX-XXX-2425 [4.10.25-4.11.25],TRANSFER,-1099.15
4/14/2025,ZELLE PAYMENT TO STEVE MARTIN,TRANSFER,-2385.16
4/14/2025,VISA SHELL OIL 57443772900 AURORA CO ON 04-10 8221,VISA,-117.87
4/14/2025,VISA MCDONALD'S F7367 AURORA CO ON 04-12 8221,VISA,-1.5
4/15/2025,EF-59604 Expedited Freigh,EFT,80
4/15/2025,EF-159393 Expedited Freigh,EFT,80
4/15/2025,EDI PYMNTS MANHEIM US,EFT,641.87
4/15/2025,"VISA RMT EQUIPMENT LEASING, 303-524-3820 CO ON 04-14 9160",VISA,-862.71
4/16/2025,ZELLE PAYMENT FROM CROOZA LLC .,TRANSFER,225
4/16/2025,EDI PYMNTS MANHEIM US,EFT,741.69
4/16/2025,Ach transf S PROVISIONS LLC,EFT,2213.32
4/16/2025,VISA SHELL OIL 57443772900 AURORA CO ON 04-14 8221,VISA,-110.01
4/17/2025,A CARVANA,EFT,94.08
4/17/2025,EF-60084 Expedited Freigh,EFT,170
4/17/2025,EDI PYMNTS MANHEIM US,EFT,971.74
4/18/2025,EF-60199 Expedited Freigh,EFT,80
4/18/2025,041425CO Helpful Logistic,EFT,100
4/18/2025,EDI PYMNTS MANHEIM US,EFT,734.49
4/18/2025,VISA SHELL OIL 57443772900 AURORA CO ON 04-16 8221,VISA,-94.97
4/21/2025,EDI PYMNTS MANHEIM US,EFT,380
4/21/2025,Ach transf S PROVISIONS LLC,EFT,2120.57
4/21/2025,ZELLE PAYMENT TO STEVEN MARTIN,TRANSFER,-1098.65
4/21/2025,ZELLE PAYMENT TO RICHARD WHITE,TRANSFER,-1836.88
4/21/2025,VISA SHELL SERVICE STATION AURORA CO ON 04-21 8221,VISA,-116.83
4/22/2025,A CARVANA,EFT,73.5
4/22/2025,A CARVANA,EFT,73.5
4/22/2025,EDI PYMNTS MANHEIM US,EFT,100
4/22/2025,"VISA RMT EQUIPMENT LEASING, 303-524-3820 CO ON 04-21 9160",VISA,-852.99
4/23/2025,A CARVANA,EFT,73.5
4/23/2025,EF-60427 Expedited Freigh,EFT,80
4/24/2025,A CARVANA,EFT,73.5
4/24/2025,EDI PYMNTS MANHEIM US,EFT,160
4/25/2025,EDI PYMNTS MANHEIM US,EFT,377.38
4/28/2025,A FREIGHT TEC,EFT,175
4/28/2025,INTERNET TRANSFER #126003 TO CHECKING XXX-XXX-2425 [4.21.25-4.25.25 STEVE PAY],TRANSFER,-762.43
4/28/2025,INTERNET TRANSFER #124900 TO CHECKING XXX-XXX-2425 [4.21.25-4.25.25 PAY RICH],TRANSFER,-1007.88
4/28/2025,VISA SHELL OIL 57443772900 AURORA CO ON 04-25 8221,VISA,-108.37
4/29/2025,A CARVANA,EFT,73.5
4/29/2025,10299 Logistic Transit,EFT,160
4/29/2025,EDI PYMNTS MANHEIM US,EFT,671.99
4/29/2025,"VISA RMT EQUIPMENT LEASING, 303-524-3820 CO ON 04-28 9160",VISA,-804.83
4/30/2025,EDI PYMNTS MANHEIM US,EFT,612.12
4/30/2025,VISA CENTRALDISPATCH.COM 858-259-6084 NY ON 04-29 9160,VISA,-139.95
4/30/2025,INS PREM ARTISAN & TRUCK,EFT,-1143.37
5/1/2025,EDI PYMNTS MANHEIM US,EFT,80
5/1/2025,Ach transf S PROVISIONS LLC,EFT,4716.36
5/1/2025,VISA SHELL OIL 57443772900 AURORA CO ON 04-29 8221,VISA,-120.56
5/2/2025,EDI PYMNTS MANHEIM US,EFT,151.59
5/2/2025,VISA MY SUPER DISPATCH LLC 8169747002 KS ON 05-02 9160,VISA,-150
5/5/2025,A CARVANA,EFT,73.5
5/5/2025,EDI PYMNTS MANHEIM US,EFT,235.64
5/5/2025,"VISA RMT EQUIPMENT LEASING, WHEAT RIDGE CO ON 05-02 9160",VISA,622.02
5/5/2025,ZELLE PAYMENT TO RICHARD WHITE,TRANSFER,-1490.24
5/5/2025,VISA RV VAULT AURORA 720-9032619 CO ON 05-01 8221,VISA,-224.4
5/5/2025,VISA SHELL OIL 57443772900 AURORA CO ON 05-01 8221,VISA,-71.78
5/6/2025,10446 Logistic Transit,EFT,80
5/6/2025,A FREIGHT TEC,EFT,175
5/6/2025,EDI PYMNTS MANHEIM US,EFT,540
5/7/2025,EDI PYMNTS MANHEIM US,EFT,200
5/7/2025,TRANSFER #093979 TO CHECKING XXX-XXX-9847,TRANSFER,-5000
5/7/2025,ACTIVITY CHARGE,FEE,-4
5/8/2025,EDI PYMNTS MANHEIM US,EFT,75.98
5/8/2025,ZELLE PAYMENT TO RICHARD WHITE,TRANSFER,-1153.83
5/9/2025,10446D Logistic Transit,EFT,80
5/9/2025,EDI PYMNTS MANHEIM US,EFT,258.93
5/9/2025,ZELLE PAYMENT TO RICHARD WHITE,TRANSFER,-664.92
5/12/2025,Ach transf S PROVISIONS LLC,EFT,2126.27
5/12/2025,ZELLE PAYMENT TO STEVEN MARTIN,TRANSFER,-1081.07
5/12/2025,VISA Celebration Chevrolet 303-7517500 CO ON 05-08 8221,VISA,-369.24
5/12/2025,VISA DRIVER'S CHOICE DENVER CO ON 05-09 8221,VISA,-230
5/13/2025,EF-61906 Expedited Freigh,EFT,70
5/13/2025,EDI PYMNTS MANHEIM US,EFT,1049.2
5/13/2025,ZELLE PAYMENT TO RICHARD WHITE,TRANSFER,-1473.18
5/14/2025,EDI PYMNTS MANHEIM US,EFT,550
5/15/2025,EDI PYMNTS MANHEIM US,EFT,888.77
5/15/2025,VISA MY SUPER DISPATCH LLC 8169747002 KS ON 05-14 9160,VISA,-30.65
5/16/2025,Ach transf S PROVISIONS LLC,EFT,984.7
5/19/2025,A CARVANA,EFT,73.5
5/19/2025,10706 Logistic Transit,EFT,80
5/19/2025,ZELLE PAYMENT TO STEVEN MARTIN,TRANSFER,-1104.52
5/19/2025,ZELLE PAYMENT TO RICHARD WHITE,TRANSFER,-2000.88
5/20/2025,EDI PYMNTS MANHEIM US,EFT,100
5/20/2025,ZELLE PAYMENT FROM CROOZA LLC .,TRANSFER,125
5/20/2025,INTERNET TRANSFER #180226 TO CHECKING XXX-XXX-9847 [TONY APRIL PAY],TRANSFER,-6000
5/22/2025,EDI PYMNTS MANHEIM US,EFT,400
5/22/2025,Ach transf S PROVISIONS LLC,EFT,1394.17
5/23/2025,051925WR Helpful Logistic,EFT,107
5/23/2025,EDI PYMNTS MANHEIM US,EFT,240
5/27/2025,EDI PYMNTS MANHEIM US,EFT,80
5/27/2025,ZELLE PAYMENT TO STEVEN MARTIN,TRANSFER,-848
5/27/2025,VISA SHELL OIL 57443772900 AURORA CO ON 05-22 8221,VISA,-64.03
5/27/2025,VISA SHELL OIL 57443772900 AURORA CO ON 05-22 8221,VISA,-75.68
5/27/2025,VISA O'REILLY 2859 AURORA CO ON 05-27 8221,VISA,-102.55
5/28/2025,EDI PYMNTS MANHEIM US,EFT,80
5/28/2025,10874 Logistic Transit,EFT,80
5/28/2025,Ach transf S PROVISIONS LLC,EFT,950.56
5/28/2025,"VISA RMT EQUIPMENT LEASING, 303-524-3820 CO ON 05-27 9160",VISA,-786.25
5/29/2025,PAYMENT TARPON TRANSPORT,EFT,125
5/29/2025,EDI PYMNTS MANHEIM US,EFT,225
5/29/2025,VISA SHELL OIL 57443772900 AURORA CO ON 05-27 8221,VISA,-70.47
5/29/2025,VISA SHELL OIL 57443772900 AURORA CO ON 05-27 8221,VISA,-65.51
5/29/2025,VISA WAL-MART #1689 AURORA CO ON 05-28 9160,VISA,-233.67
5/29/2025,VISA O'REILLY 2859 AURORA CO ON 05-29 8221,VISA,-36.7
5/30/2025,VISA CENTRALDISPATCH.COM 858-259-6084 NY ON 05-29 9160,VISA,-139.95
5/30/2025,VISA CIRCLE K 09852 AURORA CO ON 05-30 8221,VISA,-47.88
5/30/2025,INS PREM ARTISAN & TRUCK,EFT,-1143.37
6/2/2025,10965 Logistic Transit,EFT,80
6/2/2025,MOBILE DEPOSIT,DEPOSIT,90
6/2/2025,MOBILE DEPOSIT,DEPOSIT,100
6/2/2025,MOBILE DEPOSIT,DEPOSIT,100
6/2/2025,MOBILE DEPOSIT,DEPOSIT,115
6/2/2025,MOBILE DEPOSIT,DEPOSIT,200
6/2/2025,MOBILE DEPOSIT,DEPOSIT,200
6/2/2025,MOBILE DEPOSIT,DEPOSIT,300
6/2/2025,MOBILE DEPOSIT,DEPOSIT,390
6/2/2025,EDI PYMNTS MANHEIM US,EFT,425
6/2/2025,MOBILE DEPOSIT,DEPOSIT,460
6/2/2025,ZELLE PAYMENT TO STEVEN MARTIN,TRANSFER,-578.51
6/2/2025,VISA SHELL OIL 57443772900 AURORA CO ON 05-29 8221,VISA,-40.33
6/2/2025,VISA SHELL OIL 57443772900 AURORA CO ON 05-30 8221,VISA,-44.67
6/2/2025,VISA MY SUPER DISPATCH LLC 8169747002 KS ON 06-02 9160,VISA,-200
6/2/2025,VISA O'REILLY 2859 AURORA CO ON 06-02 8221,VISA,-116.48
6/2/2025,VISA O'REILLY 2859 AURORA CO ON 06-02 8221,VISA,-41.11
6/3/2025,Ach transf S PROVISIONS LLC,EFT,2771.78
6/3/2025,VISA RV VAULT AURORA 720-9032619 CO ON 06-01 8221,VISA,-224.4
6/4/2025,250603267 ANEW TRANSPORT L,EFT,250
6/4/2025,VISA EJCPERFORMA 3039935708 CO ON 06-03 9160,VISA,1287.53
6/4/2025,VISA O'REILLY 2859 AURORA CO ON 06-03 9160,VISA,-217.02
6/5/2025,"VISA RMT EQUIPMENT LEASING, 303-524-3820 CO ON 06-04 9160",VISA,-564.41
6/5/2025,VISA SHELL SERVICE STATION AURORA CO ON 06-05 8221,VISA,-68.42
6/6/2025,EDI PYMNTS MANHEIM US,EFT,143.19
6/6/2025,ZELLE PAYMENT TO RICHARD WHITE,TRANSFER,-1803.75
6/6/2025,ACTIVITY CHARGE,FEE,-4
6/9/2025,11234 Logistic Transit,EFT,80
6/9/2025,EDI PYMNTS MANHEIM US,EFT,400
6/9/2025,Ach transf S PROVISIONS LLC,EFT,1099.11
6/9/2025,ZELLE PAYMENT TO STEVEN MARTIN,TRANSFER,-757.6
6/9/2025,INTERNET TRANSFER #749488 TO CHECKING XXX-XXX-9847,TRANSFER,-7355
6/9/2025,VISA SHELL OIL 57443772900 AURORA CO ON 06-06 8221,VISA,-56.47
6/9/2025,VISA E 470 EXPRESS TOLLS 303-5373470 CO ON 06-07 9160,VISA,-29.4
6/10/2025,EDI PYMNTS MANHEIM US,EFT,240
6/11/2025,EDI PYMNTS MANHEIM US,EFT,81.81
6/11/2025,VISA SHELL OIL 57443772900 AURORA CO ON 06-09 8221,VISA,-64.76
6/12/2025,EDI PYMNTS MANHEIM US,EFT,560
6/12/2025,VISA SHELL OIL 57443772900 AURORA CO ON 06-10 8221,VISA,-130.04
6/12/2025,VISA E 470 EXPRESS TOLLS 303-5373470 CO ON 06-11 9160,VISA,-34.7
6/13/2025,11251 Logistic Transit,EFT,80
6/13/2025,11336 Logistic Transit,EFT,80
6/13/2025,EDI PYMNTS MANHEIM US,EFT,240
6/16/2025,EDI PYMNTS MANHEIM US,EFT,80
6/16/2025,ZELLE PAYMENT TO STEVEN MARTIN,TRANSFER,-1183.51
6/16/2025,VISA SHELL OIL 57443772900 AURORA CO ON 06-12 8221,VISA,-39.82
6/16/2025,VISA SHELL OIL 57443772900 AURORA CO ON 06-13 8221,VISA,-29.32
6/16/2025,VISA E 470 EXPRESS TOLLS 303-5373470 CO ON 06-13 9160,VISA,-33.9
6/17/2025,VISA DRIVER'S CHOICE DENVER CO ON 06-16 8221,VISA,-90
6/18/2025,TriumphPay TriumphPay CR,EFT,98
6/18/2025,EDI PYMNTS MANHEIM US,EFT,225
6/18/2025,Ach transf S PROVISIONS LLC,EFT,5100.94
6/18/2025,VISA SHELL OIL 57443772900 AURORA CO ON 06-16 8221,VISA,-130.05
6/18/2025,VISA E 470 EXPRESS TOLLS 303-5373470 CO ON 06-17 9160,VISA,-33.9
6/20/2025,11398 Logistic Transit,EFT,240
6/23/2025,EDI PYMNTS MANHEIM US,EFT,330
6/23/2025,ZELLE PAYMENT TO STEVEN MARTIN,TRANSFER,-1141.72
6/23/2025,ZELLE PAYMENT TO RICHARD WHITE,TRANSFER,-2000
6/23/2025,VISA SHELL OIL 57443772900 AURORA CO ON 06-19 8221,VISA,-100
6/23/2025,VISA E 470 EXPRESS TOLLS 303-5373470 CO ON 06-20 9160,VISA,-25.2
6/23/2025,VISA Walmart.com Bentonville AR ON 06-21 9160,VISA,-29
6/24/2025,A CARVANA,EFT,147
6/24/2025,EDI PYMNTS MANHEIM US,EFT,300
6/24/2025,Ach transf S PROVISIONS LLC,EFT,4025
6/25/2025,11481 Logistic Transit,EFT,160
6/25/2025,EDI PYMNTS MANHEIM US,EFT,260
6/25/2025,VISA SHELL OIL 57443772900 AURORA CO ON 06-23 8221,VISA,-71.35
6/25/2025,VISA E 470 EXPRESS TOLLS 303-5373470 CO ON 06-24 9160,VISA,-40.1
6/26/2025,EDI PYMNTS MANHEIM US,EFT,420
6/26/2025,VISA SHELL OIL 57443772900 AURORA CO ON 06-24 8221,VISA,-74.64
6/26/2025,VISA CASH APP*S PROVISIONS Oakland CA ON 06-25 9160,VISA,-175
6/27/2025,Ach transf S PROVISIONS LLC,EFT,1803.78
6/27/2025,Ach transf S PROVISIONS LLC,EFT,2651
6/27/2025,VISA SHELL OIL 57443772900 AURORA CO ON 06-25 8221,VISA,-73.69
6/30/2025,11614 Logistic Transit,EFT,240
6/30/2025,11614D Logistic Transit,EFT,240
6/30/2025,ZELLE PAYMENT TO STEVEN MARTIN,TRANSFER,-1332.49
6/30/2025,VISA SHELL OIL 57443772900 AURORA CO ON 06-26 8221,VISA,-49.51
6/30/2025,VISA SHELL OIL 57443772900 AURORA CO ON 06-27 8221,VISA,-47.67
6/30/2025,VISA CASH APP*S PROVISIONS Oakland CA ON 06-27 9160,VISA,-600
6/30/2025,VISA E 470 EXPRESS TOLLS 303-5373470 CO ON 06-27 9160,VISA,-36.4
6/30/2025,VISA CENTRALDISPATCH.COM 858-259-6084 NY ON 06-29 9160,VISA,-139.95
7/1/2025,EDI PYMNTS MANHEIM US,EFT,393.05
7/1/2025,INS PREM ARTISAN & TRUCK,EFT,-1939.18
7/2/2025,EDI PYMNTS MANHEIM US,EFT,80
7/2/2025,Ach transf S PROVISIONS LLC,EFT,3461.07
7/2/2025,VISA SHELL OIL 57443772900 AURORA CO ON 06-30 8221,VISA,-73.5
7/2/2025,VISA E 470 EXPRESS TOLLS 303-5373470 CO ON 07-01 9160,VISA,-33.9
7/2/2025,VISA MY SUPER DISPATCH LLC 8169747002 KS ON 07-01 9160,VISA,-200
7/3/2025,11716 Logistic Transit,EFT,80
7/3/2025,EF-66048 Expedited Freigh,EFT,150
7/3/2025,EDI PYMNTS MANHEIM US,EFT,260
7/3/2025,VISA SHELL OIL 57443772900 AURORA CO ON 07-01 8221,VISA,-79.73
7/3/2025,VISA RV VAULT AURORA 720-9032619 CO ON 07-01 8221,VISA,-224.4
7/3/2025,VISA O'REILLY 2859 AURORA CO ON 07-03 8221,VISA,-63.67
7/3/2025,VISA O'REILLY 3784 AURORA CO ON 07-03 8221,VISA,-36.7
7/7/2025,EDI PYMNTS MANHEIM US,EFT,333.59
7/7/2025,VISA O'REILLY 3784 AURORA CO ON 07-06 9160,VISA,57.23
7/7/2025,CHECK # 31789,31789,-800
7/7/2025,ZELLE PAYMENT TO STEVEN MARTIN,TRANSFER,-1640.82
7/7/2025,VISA SHELL OIL 57443772900 AURORA CO ON 07-02 8221,VISA,-111.52
7/7/2025,VISA E 470 EXPRESS TOLLS 303-5373470 CO ON 07-05 9160,VISA,-34.7
7/8/2025,EDI PYMNTS MANHEIM US,EFT,50
7/9/2025,EDI PYMNTS MANHEIM US,EFT,300
7/9/2025,INTERNET TRANSFER #318710 TO CHECKING XXX-XXX-9847,TRANSFER,-7000
7/9/2025,VISA SHELL OIL 57443772900 AURORA CO ON 07-07 8221,VISA,-71.63
7/9/2025,VISA CASH APP*S PROVISIONS Oakland CA ON 07-08 9160,VISA,-200
7/10/2025,SENDER CIERTA CORPORATI,EFT,950
7/10/2025,Ach transf S PROVISIONS LLC,EFT,4064.7
7/10/2025,ZELLE PAYMENT TO RICHARD WHITE,TRANSFER,-1491.96
7/10/2025,VISA SHELL OIL 57443772900 AURORA CO ON 07-08 8221,VISA,-47.7
7/10/2025,VISA E 470 EXPRESS TOLLS 303-5373470 CO ON 07-08 9160,VISA,-25.2
7/10/2025,ACTIVITY CHARGE,FEE,-4
7/11/2025,VISA SHELL OIL 57443772900 AURORA CO ON 07-09 8221,VISA,-81.44
7/11/2025,VISA AINSWORTH TRAILER REPAI DENVER CO ON 07-10 8221,VISA,-3578.18
7/14/2025,ZELLE PAYMENT TO RICHARD WHITE,TRANSFER,-350
7/14/2025,ZELLE PAYMENT TO RICHARD WHITE,TRANSFER,-600
7/14/2025,VISA E 470 EXPRESS TOLLS 303-5373470 CO ON 07-11 9160,VISA,-26.6
7/14/2025,VISA SHELL OIL 57443772900 AURORA CO ON 07-11 8221,VISA,-100
7/14/2025,VISA SHELL OIL 57443772900 AURORA CO ON 07-12 8221,VISA,-40.94
7/15/2025,0-NBA27494 Expedited Freigh,EFT,125
7/15/2025,EDI PYMNTS MANHEIM US,EFT,825
7/16/2025,EDI PYMNTS MANHEIM US,EFT,240
7/16/2025,A CARVANA,EFT,323.4
7/16/2025,Ach transf S PROVISIONS LLC,EFT,4840.62
7/16/2025,ZELLE PAYMENT TO RICHARD WHITE,TRANSFER,-414.75
7/16/2025,VISA SHELL OIL 57443772900 AURORA CO ON 07-14 8221,VISA,-72.53
7/16/2025,VISA O'REILLY 3784 AURORA CO ON 07-16 8221,VISA,-101.46
7/17/2025,EDI PYMNTS MANHEIM US,EFT,100
7/17/2025,12001 Logistic Transit,EFT,160
7/17/2025,MOBILE DEPOSIT,DEPOSIT,265
7/17/2025,VISA SHELL OIL 57443772900 AURORA CO ON 07-15 8221,VISA,-130
7/17/2025,VISA E 470 EXPRESS TOLLS 303-5373470 CO ON 07-16 9160,VISA,-28.35
7/18/2025,EDI PYMNTS MANHEIM US,EFT,350
7/18/2025,ZELLE PAYMENT TO RICHARD WHITE,TRANSFER,-250
7/21/2025,Ach transf S PROVISIONS LLC,EFT,2863.63
7/21/2025,ZELLE PAYMENT TO STEVEN MARTIN,TRANSFER,-745.92
7/21/2025,VISA SHELL OIL 57443772900 AURORA CO ON 07-17 8221,VISA,-69.93
7/21/2025,VISA E 470 EXPRESS TOLLS 303-5373470 CO ON 07-17 9160,VISA,-35.15
7/21/2025,VISA SHELL OIL 57443772900 AURORA CO ON 07-18 8221,VISA,-71.19
7/21/2025,VISA DISCOUNT-TIRE-CO 17200 E CENTENNIAL CO ON 07-21 8221,VISA,-229.81
7/21/2025,VISA WM SUPERCENTER # AURORA CO ON 07-21 8221,VISA,-105.49
7/22/2025,A FREIGHT TEC,EFT,175
7/22/2025,VISA E 470 EXPRESS TOLLS 303-5373470 CO ON 07-21 9160,VISA,-31.15
7/23/2025,A CARVANA,EFT,107.8
7/23/2025,A CARVANA,EFT,129.36
7/23/2025,12098 Logistic Transit,EFT,160
7/23/2025,403954 Corsia Logistics,EFT,300
7/24/2025,A CARVANA,EFT,73.5
7/24/2025,A CARVANA,EFT,117.6
7/24/2025,A CARVANA,EFT,220.5
7/24/2025,EDI PYMNTS MANHEIM US,EFT,240
7/24/2025,MOBILE DEPOSIT,DEPOSIT,560
7/24/2025,ZELLE PAYMENT TO RICHARD WHITE,TRANSFER,-800
7/24/2025,VISA SHELL OIL 57443772900 AURORA CO ON 07-22 8221,VISA,-67.47
7/24/2025,VISA CASH APP*RICO Oakland CA ON 07-23 9160,VISA,-150
7/25/2025,A CARVANA,EFT,78.4
7/25/2025,12152 Logistic Transit,EFT,240
7/25/2025,VISA SHELL OIL 57443772900 AURORA CO ON 07-23 8221,VISA,-85.93
7/28/2025,EDI PYMNTS MANHEIM US,EFT,790
7/28/2025,Ach transf S PROVISIONS LLC,EFT,5239.42
7/28/2025,ZELLE PAYMENT TO RICHARD WHITE,TRANSFER,-497.32
7/28/2025,ZELLE PAYMENT TO RICHARD WHITE,TRANSFER,-1249.34
7/28/2025,ZELLE PAYMENT TO STEVEN MARTIN,TRANSFER,-1529.13
7/28/2025,VISA SHELL OIL 57443772900 AURORA CO ON 07-24 8221,VISA,-62.6
7/28/2025,VISA E 470 EXPRESS TOLLS 303-5373470 CO ON 07-25 9160,VISA,-32.4
7/28/2025,VISA SHELL OIL 57443772900 AURORA CO ON 07-25 8221,VISA,-69.64
7/28/2025,VISA CASH APP*RICO Oakland CA ON 07-25 9160,VISA,-150
7/29/2025,INTERNET TRANSFER #891589 TO CHECKING XXX-XXX-2425 [7.25.25-7.26.25],TRANSFER,-928.45
7/30/2025,INTERNET TRANSFER #975483 TO CHECKING XXX-XXX-9847 [PAY],TRANSFER,-10045.52
7/30/2025,VISA SHELL OIL 57443772900 AURORA CO ON 07-28 8221,VISA,-55.44
7/30/2025,VISA CENTRALDISPATCH.COM 858-259-6084 NY ON 07-29 9160,VISA,-139.95
7/31/2025,EF-68703 Expedited Freigh,EFT,80
7/31/2025,EF-68984 Expedited Freigh,EFT,80
7/31/2025,EF-68786 Expedited Freigh,EFT,80
7/31/2025,EF-67783D Expedited Freigh,EFT,125
7/31/2025,EDI PYMNTS MANHEIM US,EFT,200
7/31/2025,EF-67522 Expedited Freigh,EFT,375
7/31/2025,Ach transf S PROVISIONS LLC,EFT,4791.94
7/31/2025,VISA SHELL OIL 57443772900 AURORA CO ON 07-29 8221,VISA,-75.53
7/31/2025,VISA E 470 EXPRESS TOLLS 303-5373470 CO ON 07-30 9160,VISA,-38.6
7/31/2025,VISA DISCOUNT TIRE CO 3601 TOW AURORA CO ON 07-31 8221,VISA,-186.95
8/1/2025,EDI PYMNTS MANHEIM US,EFT,300
8/1/2025,EF-67522D Expedited Freigh,EFT,300
8/1/2025,VISA SHELL OIL 57443772900 AURORA CO ON 07-30 8221,VISA,-48.82
8/4/2025,EDI PYMNTS MANHEIM US,EFT,80
8/4/2025,ZELLE PAYMENT TO RICHARD WHITE,TRANSFER,-1503.21
8/4/2025,ZELLE PAYMENT TO STEVEN MARTIN,TRANSFER,-1566.42
8/4/2025,INTERNET TRANSFER #303074 TO CHECKING XXX-XXX-2425 [LITTLE RICH 7.28.25-8.1.25 PAY],TRANSFER,-1738.4
8/4/2025,VISA SHELL OIL 57443772900 AURORA CO ON 07-31 8221,VISA,-71.99
8/4/2025,VISA RV VAULT AURORA 720-9032619 CO ON 08-01 8221,VISA,-224.4
8/4/2025,VISA SHELL OIL 57443772900 AURORA CO ON 08-01 8221,VISA,-81.14
8/4/2025,VISA E 470 EXPRESS TOLLS 303-5373470 CO ON 08-01 9160,VISA,-30.75
8/4/2025,VISA MY SUPER DISPATCH LLC 8169747002 KS ON 08-01 9160,VISA,-200
8/4/2025,VISA KING SOOPERS # 0 19853 E. CENTENNIAL CO ON 08-02 8221,VISA,-91.66
8/5/2025,EF-69285 Expedited Freigh,EFT,80
8/5/2025,A CARVANA,EFT,117.6
8/5/2025,A CARVANA,EFT,129.36
8/5/2025,EDI PYMNTS MANHEIM US,EFT,445
8/5/2025,Ach transf S PROVISIONS LLC,EFT,4813.38
8/5/2025,ZELLE PAYMENT TO RICHARD WHITE,TRANSFER,-580
8/5/2025,VISA J & J AFFORDABLE AUTO AURORA CO ON 08-04 8221,VISA,-75
8/6/2025,EF-68985 Expedited Freigh,EFT,80
8/6/2025,EF-69429 Expedited Freigh,EFT,150
8/6/2025,EDI PYMNTS MANHEIM US,EFT,200
8/6/2025,ZELLE PAYMENT TO RICHARD WHITE,TRANSFER,-145
8/6/2025,ZELLE PAYMENT TO RICHARD WHITE,TRANSFER,-275
8/6/2025,VISA E 470 EXPRESS TOLLS 303-5373470 CO ON 08-05 9160,VISA,-38.15
8/6/2025,VISA AUTOZONE 0827 AURORA CO ON 08-06 8221,VISA,-446.02
8/7/2025,EF-69595 Expedited Freigh,EFT,225
8/7/2025,EDI PYMNTS MANHEIM US,EFT,240
8/7/2025,EF-69274 Expedited Freigh,EFT,375
8/7/2025,Ach transf S PROVISIONS LLC,EFT,2899.39
8/7/2025,ZELLE PAYMENT TO RICHARD WHITE,TRANSFER,-1296.2
8/8/2025,EF-69808 Expedited Freigh,EFT,80
8/8/2025,EF-69611 Expedited Freigh,EFT,80
8/8/2025,EF-69610 Expedited Freigh,EFT,80
8/8/2025,A CARVANA,EFT,94.08
8/8/2025,A CARVANA,EFT,98.78
8/8/2025,A CARVANA,EFT,169.34
8/8/2025,ZELLE PAYMENT TO STEVEN MARTIN,TRANSFER,-1516.7
8/8/2025,VISA SHELL OIL 57443772900 AURORA CO ON 08-06 8221,VISA,-70.86
8/8/2025,INSURANCE USLIABILITYINSUR,EFT,-255
8/8/2025,ACTIVITY CHARGE,FEE,-4
8/11/2025,EDI PYMNTS MANHEIM US,EFT,240
8/11/2025,ZELLE PAYMENT TO RICHARD WHITE,TRANSFER,-222.18
8/11/2025,VISA SHELL OIL 57443772900 AURORA CO ON 08-07 8221,VISA,-88.02
8/11/2025,VISA SHELL OIL 57443772900 AURORA CO ON 08-08 8221,VISA,-78.39
8/11/2025,VISA AUTOZONE 10580 AURORA CO ON 08-10 8221,VISA,-261.32
8/12/2025,Ach transf S PROVISIONS LLC,EFT,584.97
8/12/2025,Ach transf S PROVISIONS LLC,EFT,3569.31
8/12/2025,ZELLE PAYMENT TO RICHARD WHITE,TRANSFER,-1636.21
8/12/2025,VISA CASH APP*RICO Oakland CA ON 08-11 9160,VISA,-175
8/13/2025,250812322 ANEW TRANSPORT L,EFT,225
8/13/2025,EDI PYMNTS MANHEIM US,EFT,240
8/13/2025,Ach transf S PROVISIONS LLC,EFT,1642.81
8/13/2025,VISA SHELL OIL 57443772900 AURORA CO ON 08-11 8221,VISA,-86.12
8/14/2025,A CARVANA,EFT,107.8
8/14/2025,ZELLE PAYMENT FROM M REZA MOUMENZADEH,TRANSFER,150
8/14/2025,A CARVANA,EFT,253.82
8/14/2025,EDI PYMNTS MANHEIM US,EFT,493.77
8/14/2025,VISA SHELL OIL 57443772900 AURORA CO ON 08-12 8221,VISA,-85.37
8/14/2025,VISA E 470 EXPRESS TOLLS 303-5373470 CO ON 08-13 9160,VISA,-31.15
8/15/2025,EDI PYMNTS MANHEIM US,EFT,300
8/15/2025,Ach transf S PROVISIONS LLC,EFT,4694.31
8/15/2025,ZELLE PAYMENT TO RICHARD WHITE,TRANSFER,-150
8/15/2025,VISA SHELL OIL 57443772900 AURORA CO ON 08-13 8221,VISA,-89.34
8/15/2025,VISA O'REILLY 2859 AURORA CO ON 08-15 8221,VISA,-37.8
8/15/2025,CHECK # 0022,22,-1000
8/18/2025,EF-70230 Expedited Freigh,EFT,80
8/18/2025,EF-69271 Expedited Freigh,EFT,125
8/18/2025,EDI PYMNTS MANHEIM US,EFT,160
8/18/2025,250815258 ANEW TRANSPORT L,EFT,425
8/18/2025,TRANSFER #691508 TO CHECKING XXX-XXX-2425 [RICH WHITE 8.15.25-8.18.25],TRANSFER,-600
8/18/2025,ZELLE PAYMENT TO RICHARD WHITE,TRANSFER,-1100
8/18/2025,INTERNET TRANSFER #565962 TO CHECKING XXX-XXX-2425 [8.12.25-8.15.25 - RICH LITTLE],TRANSFER,-2236.25
8/18/2025,VISA SHELL OIL 57443772900 AURORA CO ON 08-14 8221,VISA,-80.28
8/18/2025,VISA E 470 EXPRESS TOLLS 303-5373470 CO ON 08-15 9160,VISA,-27.7
8/19/2025,250818222 ANEW TRANSPORT L,EFT,50
8/19/2025,CHECK # 0024,24,-1514.68
8/20/2025,250819282 ANEW TRANSPORT L,EFT,150
8/20/2025,VISA E 470 EXPRESS TOLLS 303-5373470 CO ON 08-19 9160,VISA,-31.15
8/20/2025,COUNTER CHECK * NON-PREPRINTED FORM,CHECK,-800
8/21/2025,EDI PYMNTS MANHEIM US,EFT,503.05
8/21/2025,Ach transf S PROVISIONS LLC,EFT,1637.89
8/21/2025,INTERNET TRANSFER #944960 TO CHECKING XXX-XXX-2425 [RICH - LITTLE PAY],TRANSFER,-1551.54
8/21/2025,VISA CASH APP*RICO Oakland CA ON 08-20 9160,VISA,-200
8/22/2025,EDI PYMNTS MANHEIM US,EFT,200
8/22/2025,INTERNET TRANSFER #036986 TO CHECKING XXX-XXX-2425 [RICH 8.18.22-8.22.25],TRANSFER,-1800.78
8/22/2025,VISA SHELL OIL 57443772900 AURORA CO ON 08-20 8221,VISA,-90.02
8/25/2025,EDI PYMNTS MANHEIM US,EFT,125
8/25/2025,INTERNET TRANSFER #273759 FROM CHECKING XXX-XXX-2425 [STEVE RETURN ZELLE WOULDN'T WORK],TRANSFER,1679.18
8/25/2025,TRANSFER #223664 TO CHECKING XXX-XXX-2425,TRANSFER,-350
8/25/2025,INTERNET TRANSFER #273657 TO CHECKING XXX-XXX-2425 [STEVE - 8.18.25-8.22.25],TRANSFER,-1679.18
8/25/2025,VISA O'REILLY 2859 AURORA CO ON 08-24 8221,VISA,-41.02
8/26/2025,VISA O'REILLY 3784 AURORA CO ON 08-26 8221,VISA,-61.53
8/27/2025,EDI PYMNTS MANHEIM US,EFT,240
8/27/2025,EF-71514 Expedited Freigh,EFT,345
8/27/2025,Ach transf S PROVISIONS LLC,EFT,877.44
8/27/2025,Ach transf S PROVISIONS LLC,EFT,5364.17
8/27/2025,GEICO PYMT GEICO,EFT,-5885.34
8/27/2025,PAYMENT VENMO,EFT,-1679.18
8/28/2025,EDI PYMNTS MANHEIM US,EFT,240
8/29/2025,EF-72298 Expedited Freigh,EFT,80
8/29/2025,EDI PYMNTS MANHEIM US,EFT,273.74
8/29/2025,VISA SHELL OIL 57443772900 AURORA CO ON 08-27 8221,VISA,-70.18
9/2/2025,EF-72236 Expedited Freigh,EFT,80
9/2/2025,EF-72146 Expedited Freigh,EFT,80
9/2/2025,EF-72127 Expedited Freigh,EFT,115
9/2/2025,EF-71165D Expedited Freigh,EFT,330
9/2/2025,VISA CENTRALDISPATCH.COM 858-259-6084 NY ON 08-29 9160,VISA,-139.95
9/2/2025,VISA CASH APP*RICO Oakland CA ON 08-30 9160,VISA,-685.42
9/2/2025,VISA KING SOOPERS # 0 19853 E. CENTENNIAL CO ON 08-30 8221,VISA,-101.46
9/2/2025,VISA ITI*CO Douglas DMV Kios Parker CO ON 08-30 8221,VISA,-395.54
9/2/2025,VISA E 470 EXPRESS TOLLS 303-5373470 CO ON 08-31 9160,VISA,-30.65
9/2/2025,VISA MY SUPER DISPATCH LLC 8169747002 KS ON 09-01 9160,VISA,-200
9/2/2025,PAYMENT VENMO,EFT,-317.59
9/3/2025,Ach transf S PROVISIONS LLC,EFT,1225.79
9/3/2025,ZELLE PAYMENT TO RICHARD WHITE,TRANSFER,-310
9/3/2025,VISA RV VAULT AURORA 720-9032619 CO ON 09-01 8221,VISA,-234.6
9/4/2025,ACH ITEMS RC LOGISTICS LLC,EFT,100
9/4/2025,EDI PYMNTS MANHEIM US,EFT,493.74
9/4/2025,Ach transf S PROVISIONS LLC,EFT,953.97
9/4/2025,ZELLE PAYMENT TO RICHARD WHITE,TRANSFER,-974.36
9/4/2025,TRANSFER #137100 TO CHECKING XXX-XXX-9847,TRANSFER,-7000
9/5/2025,OKTUL Nationwide Trans,EFT,250
9/5/2025,EDI PYMNTS MANHEIM US,EFT,683.96
9/5/2025,VISA SHELL OIL 57443772900 AURORA CO ON 09-03 8221,VISA,-86.03
9/5/2025,VISA CASH APP*RICO Oakland CA ON 09-05 9160,VISA,-155
9/5/2025,VISA AUTOZONE 0827 AURORA CO ON 09-05 8221,VISA,-50.75
9/8/2025,YULOKKAL Nationwide Trans,EFT,250
9/8/2025,Ach transf S PROVISIONS LLC,EFT,2493.91
9/8/2025,INTERNET TRANSFER #279951 TO CHECKING XXX-XXX-2425 [RICH WHITE - 9.1.25-9.5.25],TRANSFER,-935.52
9/8/2025,ZELLE PAYMENT TO RICHARD WHITE,TRANSFER,-1715.52
9/8/2025,VISA SHELL OIL 57443772900 AURORA CO ON 09-04 8221,VISA,-70.12
9/8/2025,VISA SHELL OIL 57443772900 AURORA CO ON 09-05 8221,VISA,-67.34
9/8/2025,VISA E 470 EXPRESS TOLLS 303-5373470 CO ON 09-05 9160,VISA,-41.4
9/8/2025,VISA IRON BEAR TRAILER DENVER CO ON 09-06 8221,VISA,-361.36
9/8/2025,VISA WM SUPERCENTER # AURORA CO ON 09-06 8221,VISA,-56.44
9/8/2025,ACTIVITY CHARGE,FEE,-4
9/9/2025,EF-72992 Expedited Freigh,EFT,80
9/10/2025,EF-73032 Expedited Freigh,EFT,80
9/10/2025,EF-73134 Expedited Freigh,EFT,80
9/10/2025,EDI PYMNTS MANHEIM US,EFT,277.73
9/10/2025,Ach transf S PROVISIONS LLC,EFT,4882.62
9/10/2025,ZELLE PAYMENT TO RICHARD WHITE,TRANSFER,-836.74
9/11/2025,EN1-031725 VRCG Inc,EFT,100
9/11/2025,ACH ITEMS RC LOGISTICS LLC,EFT,150
9/11/2025,EDI PYMNTS MANHEIM US,EFT,150
9/11/2025,Ach transf S PROVISIONS LLC,EFT,2967.76
9/11/2025,VISA SHELL OIL 57443772900 AURORA CO ON 09-09 8221,VISA,-114.8
9/12/2025,PYMMTS MONTWAY LLC,EFT,180
9/12/2025,EDI PYMNTS MANHEIM US,EFT,300
9/12/2025,EF-73423 Expedited Freigh,EFT,320
9/12/2025,VISA SHELL OIL 57443772900 AURORA CO ON 09-10 8221,VISA,-86
9/12/2025,VISA E 470 EXPRESS TOLLS 303-5373470 CO ON 09-11 9160,VISA,-40.45
9/15/2025,EDI PYMNTS MANHEIM US,EFT,80
9/15/2025,EF-73445 Expedited Freigh,EFT,80
9/15/2025,ZELLE PAYMENT FROM RICHARD WHITE JR,TRANSFER,250
9/15/2025,ZELLE PAYMENT TO RICHARD WHITE,TRANSFER,-775.12
9/15/2025,ZELLE PAYMENT TO RICHARD WHITE,TRANSFER,-2034.23
9/15/2025,VISA SHELL OIL 57443772900 AURORA CO ON 09-11 8221,VISA,-64.37
9/15/2025,VISA SHELL OIL 57443772900 AURORA CO ON 09-12 8221,VISA,-81.2
9/15/2025,VISA E 470 EXPRESS TOLLS 303-5373470 CO ON 09-13 9160,VISA,-41.8
9/16/2025,A CARVANA,EFT,135.48
9/16/2025,EDI PYMNTS MANHEIM US,EFT,590
9/16/2025,Ach transf S PROVISIONS LLC,EFT,1758.82
9/17/2025,A CARVANA,EFT,205.8
9/17/2025,ZELLE PAYMENT TO RICHARD WHITE,TRANSFER,-250
9/18/2025,isTul-6924 Expedited Transp,EFT,250
9/18/2025,VISA SHELL OIL 57443772900 AURORA CO ON 09-16 8221,VISA,-84.63
9/19/2025,EDI PYMNTS MANHEIM US,EFT,100
9/19/2025,ZELLE PAYMENT TO RICHARD WHITE,TRANSFER,-1608.7
9/19/2025,VISA SHELL OIL 57443772900 AURORA CO ON 09-17 8221,VISA,-80.02
9/19/2025,VISA E 470 EXPRESS TOLLS 303-5373470 CO ON 09-18 9160,VISA,-39.5
9/22/2025,A CARVANA,EFT,112.7
9/22/2025,A CARVANA,EFT,147
9/22/2025,EDI PYMNTS MANHEIM US,EFT,225
9/22/2025,Ach transf S PROVISIONS LLC,EFT,4336.61
9/22/2025,ZELLE PAYMENT TO RICHARD WHITE,TRANSFER,-248.64
9/22/2025,INTERNET TRANSFER #648840 TO CHECKING XXX-XXX-2425 [9.19.25-9.22.25 - LITTLE RICH],TRANSFER,-1918.59
9/22/2025,VISA SHELL OIL 57443772900 AURORA CO ON 09-18 8221,VISA,-130.02
9/22/2025,VISA SHELL OIL 57443772900 AURORA CO ON 09-19 8221,VISA,-86.18
9/22/2025,VISA E 470 EXPRESS TOLLS 303-5373470 CO ON 09-20 9160,VISA,-37.65
9/22/2025,VISA E 470 EXPRESS TOLLS 303-5373470 CO ON 09-21 9160,VISA,-29.75
9/23/2025,PYMMTS MONTWAY LLC,EFT,180
9/23/2025,EDI PYMNTS MANHEIM US,EFT,240
9/24/2025,EDI PYMNTS MANHEIM US,EFT,240
9/24/2025,ZELLE PAYMENT TO GREEN FREIGHT LOGISTIC,TRANSFER,-55
9/24/2025,VISA SHELL OIL 57443772900 AURORA CO ON 09-22 8221,VISA,-65.46
9/24/2025,VISA DISCOUNT TIRE CO 3601 TOW AURORA CO ON 09-24 8221,VISA,-646.73
9/25/2025,EDI PYMNTS MANHEIM US,EFT,140
9/25/2025,Ach transf S PROVISIONS LLC,EFT,3100.15
9/25/2025,VISA SHELL OIL 57443772900 AURORA CO ON 09-23 8221,VISA,-64.37
9/26/2025,EDI PYMNTS MANHEIM US,EFT,505
9/26/2025,INTERNET TRANSFER #886611 TO CHECKING XXX-XXX-2425 [9.22.25-9.25.25 RICHARD PAY],TRANSFER,-745.92
9/26/2025,VISA E 470 EXPRESS TOLLS 303-5373470 CO ON 09-25 9160,VISA,-41.7
9/26/2025,VISA CASH APP*RICO Oakland CA ON 09-25 9160,VISA,-150
9/29/2025,A CARVANA,EFT,107.8
9/29/2025,EDI PYMNTS MANHEIM US,EFT,225
9/29/2025,EF-75093 Expedited Freigh,EFT,345
9/29/2025,INTERNET TRANSFER #024754 TO CHECKING XXX-XXX-2425 [9.23.25-9.26.25 - LITTLE RICH],TRANSFER,-2088.78
9/29/2025,VISA SHELL OIL 57443772900 AURORA CO ON 09-25 8221,VISA,-78.99
9/29/2025,VISA CASH APP*RICO Oakland CA ON 09-26 9160,VISA,-150
9/29/2025,VISA E 470 EXPRESS TOLLS 303-5373470 CO ON 09-28 9160,VISA,-33.5
9/29/2025,PREM COLL GEICO,EFT,-2963.97
9/30/2025,VISA CENTRALDISPATCH.COM 858-259-6084 NY ON 09-29 9160,VISA,-139.95
10/1/2025,EDI PYMNTS MANHEIM US,EFT,724.86
10/1/2025,VISA SHELL OIL 57443772900 AURORA CO ON 09-29 8221,VISA,-83.02
10/2/2025,EDI PYMNTS MANHEIM US,EFT,130
10/2/2025,VISA SHELL OIL 57443772900 AURORA CO ON 09-30 8221,VISA,-75.62
10/2/2025,VISA E 470 EXPRESS TOLLS 303-5373470 CO ON 10-01 9160,VISA,-25.8
10/2/2025,VISA CASH APP*RICO Oakland CA ON 10-01 9160,VISA,-150
10/2/2025,VISA MY SUPER DISPATCH LLC 8169747002 KS ON 10-01 9160,VISA,-150
10/3/2025,A CARVANA,EFT,78.4
10/3/2025,MOBILE DEPOSIT,DEPOSIT,100
10/3/2025,PYMMTS MONTWAY LLC,EFT,110
10/3/2025,MOBILE DEPOSIT,DEPOSIT,150
10/3/2025,MOBILE DEPOSIT,DEPOSIT,300
10/3/2025,MOBILE DEPOSIT,DEPOSIT,400
10/3/2025,Ach transf S PROVISIONS LLC,EFT,1499.67
10/3/2025,Ach transf S PROVISIONS LLC,EFT,5602.64
10/3/2025,VISA RV VAULT AURORA 720-9032619 CO ON 10-01 8221,VISA,-234.6
10/3/2025,VISA SHELL OIL 57443772900 AURORA CO ON 10-01 8221,VISA,-70.59
10/3/2025,VISA SHELL OIL 57443772900 AURORA CO ON 10-01 8221,VISA,-130.02
10/3/2025,VISA E 470 EXPRESS TOLLS 303-5373470 CO ON 10-02 9160,VISA,-34.45
10/3/2025,VISA CASH APP*RICO Oakland CA ON 10-02 9160,VISA,-1467.04
10/3/2025,VISA DISCOUNT TIRE CO 3601 TOW AURORA CO ON 10-03 8221,VISA,-207.62
10/6/2025,EDI PYMNTS MANHEIM US,EFT,480
10/6/2025,Ach transf S PROVISIONS LLC,EFT,950.58
10/6/2025,ZELLE PAYMENT TO RICHARD WHITE,TRANSFER,-1695.95
10/6/2025,INTERNET TRANSFER #805801 TO CHECKING XXX-XXX-9847 [TONY PAY],TRANSFER,-15630
10/6/2025,VISA E 470 EXPRESS TOLLS 303-5373470 CO ON 10-05 9160,VISA,-26.45
10/7/2025,Ach transf S PROVISIONS LLC,EFT,151.12
10/7/2025,EDI PYMNTS MANHEIM US,EFT,180
10/7/2025,PAYMENT KB Freight Broke,EFT,230
10/7/2025,Ach transf S PROVISIONS LLC,EFT,3078.97
10/7/2025,VISA E 470 EXPRESS TOLLS 303-5373470 CO ON 10-06 9160,VISA,-30
10/7/2025,VISA CASH APP*RICO Oakland CA ON 10-06 9160,VISA,-175
10/7/2025,VISA WM SUPERCENTER # AURORA CO ON 10-07 8221,VISA,-131.65
10/8/2025,Ach transf S PROVISIONS LLC,EFT,146.25
10/8/2025,EDI PYMNTS MANHEIM US,EFT,260
10/8/2025,ZELLE PAYMENT TO RICHARD WHITE,TRANSFER,-541.94
10/8/2025,INTERNET TRANSFER #021355 TO CHECKING XXX-XXX-2425 [10.3.25-10.6.25 PARTIAL - RICH LITTLE],TRANSFER,-604.13
10/8/2025,ZELLE PAYMENT TO RICHARD WHITE,TRANSFER,-1958.06
10/8/2025,VISA SHELL OIL 57443772900 AURORA CO ON 10-06 8221,VISA,-150.03
10/8/2025,VISA MCDONALD'S F7367 AURORA CO ON 10-07 8221,VISA,-7.97
10/8/2025,ACTIVITY CHARGE,FEE,-4
10/9/2025,Ach transf S PROVISIONS LLC,EFT,165.75
10/9/2025,Ach transf S PROVISIONS LLC,EFT,1135.83
10/10/2025,PYMMTS ADTLLC,EFT,175
10/10/2025,EDI PYMNTS MANHEIM US,EFT,240
10/10/2025,Ach transf S PROVISIONS LLC,EFT,745.87
10/14/2025,ZELLE PAYMENT TO RICHARD WHITE,TRANSFER,-821.06
10/14/2025,VISA SHELL OIL 57443772900 AURORA CO ON 10-09 8221,VISA,-130.01
10/14/2025,VISA E 470 EXPRESS TOLLS 303-5373470 CO ON 10-10 9160,VISA,-38.05
10/14/2025,VISA SHELL OIL 57443772900 AURORA CO ON 10-10 8221,VISA,-120.04
10/14/2025,VISA E 470 EXPRESS TOLLS 303-5373470 CO ON 10-13 9160,VISA,-32
10/14/2025,VISA E 470 EXPRESS TOLLS 303-5373470 CO ON 10-13 9160,VISA,-39.5
10/15/2025,A CARVANA,EFT,132.3
10/15/2025,A CARVANA,EFT,490
10/15/2025,EDI PYMNTS MANHEIM US,EFT,520
10/15/2025,Ach transf S PROVISIONS LLC,EFT,1199.03
10/15/2025,Ach transf S PROVISIONS LLC,EFT,2146.93
10/15/2025,VISA SHELL OIL 57443772900 AURORA CO ON 10-13 8221,VISA,-73.86
10/15/2025,VISA CASH APP*RICO Oakland CA ON 10-14 9160,VISA,-175
10/15/2025,"Ach transf TruckSmarter, In",EFT,-1199.03
10/16/2025,isTul-1710 Expedited Transp,EFT,100
10/16/2025,PYMMTS ADTLLC,EFT,300
10/16/2025,ZELLE PAYMENT TO RICHARD WHITE,TRANSFER,-1305.07
10/16/2025,ZELLE PAYMENT TO RICHARD WHITE,TRANSFER,-1496.65
10/16/2025,VISA SHELL OIL 57443772900 AURORA CO ON 10-14 8221,VISA,-76.57
10/16/2025,VISA E 470 EXPRESS TOLLS 303-5373470 CO ON 10-15 9160,VISA,-48.2
10/17/2025,B88648 LR Auto Brokers,EFT,250
10/17/2025,C17009 LR Auto Brokers,EFT,250
10/17/2025,Ach transf S PROVISIONS LLC,EFT,1555.06
10/17/2025,VISA SHELL OIL 57443772900 AURORA CO ON 10-15 8221,VISA,-71.7
10/20/2025,A CARVANA,EFT,122.5
10/20/2025,INTERNET TRANSFER #035661 TO CHECKING XXX-XXX-9377 [CC],TRANSFER,-663.98
10/20/2025,ZELLE PAYMENT TO RICHARD WHITE,TRANSFER,-784.69
10/20/2025,VISA SHELL OIL 57443772900 AURORA CO ON 10-17 8221,VISA,-105.19
10/20/2025,VISA E 470 EXPRESS TOLLS 303-5373470 CO ON 10-18 9160,VISA,-30.35
10/21/2025,EDI PYMNTS MANHEIM US,EFT,191.28
10/21/2025,MOBILE DEPOSIT,DEPOSIT,200
10/21/2025,PYMMTS MONTWAY LLC,EFT,500
10/21/2025,VISA CASH APP*RICO Oakland CA ON 10-20 9160,VISA,-320.24
10/22/2025,A CARVANA,EFT,91.73
10/22/2025,A CARVANA,EFT,105.84
10/22/2025,A CARVANA,EFT,118.54
10/22/2025,808499 LR Auto Brokers,EFT,250
10/22/2025,Ach transf S PROVISIONS LLC,EFT,4007.93
10/22/2025,VISA CASH APP*RICO Oakland CA ON 10-22 9160,VISA,-120
10/23/2025,EF13799 LR Auto Brokers,EFT,250
10/23/2025,PYMMTS MONTWAY LLC,EFT,375
10/23/2025,EDI PYMNTS MANHEIM US,EFT,572
10/23/2025,INTERNET TRANSFER #279053 TO CHECKING XXX-XXX-2425 [10.21.25-10.23.25 LITTLE],TRANSFER,-2157.75
10/24/2025,Ach transf S PROVISIONS LLC,EFT,1316.16
10/24/2025,TRANSFER #374975 TO CHECKING XXX-XXX-2425,TRANSFER,-350
10/24/2025,VISA SHELL OIL 57443772900 AURORA CO ON 10-22 8221,VISA,-84.96
10/24/2025,VISA E 470 EXPRESS TOLLS 303-5373470 CO ON 10-23 9160,VISA,-43
10/24/2025,VISA CASH APP*RICO Oakland CA ON 10-23 9160,VISA,-150
10/27/2025,A CARVANA,EFT,117.6
10/27/2025,Ach transf S PROVISIONS LLC,EFT,253.5
10/27/2025,VISA E 470 EXPRESS TOLLS 303-5373470 CO ON 10-24 9160,VISA,-44.45
10/28/2025,Ach transf S PROVISIONS LLC,EFT,133.57
10/28/2025,251027231 ANEW TRANSPORT L,EFT,388
10/28/2025,PREM COLL GEICO,EFT,-2920.97
10/29/2025,EDI PYMNTS MANHEIM US,EFT,180
10/29/2025,Ach transf S PROVISIONS LLC,EFT,321.75
10/29/2025,INTERNET TRANSFER #717818 TO CHECKING XXX-XXX-2425 [10.24.25-10.27.25],TRANSFER,-452.01
10/29/2025,TRANSFER #755177 TO CHECKING XXX-XXX-2425 [TRUCK],TRANSFER,-1200
10/30/2025,A CARVANA,EFT,127.4
10/30/2025,A CARVANA,EFT,235.2
10/30/2025,Ach transf S PROVISIONS LLC,EFT,2298.07
10/30/2025,VISA CENTRALDISPATCH.COM 858-259-6084 NY ON 10-29 9160,VISA,-139.95
10/30/2025,VISA DISCOUNT TIRE CO 3601 TOW AURORA CO ON 10-30 8221,VISA,-310.83
10/31/2025,EDI PYMNTS MANHEIM US,EFT,50
10/31/2025,Ach transf S PROVISIONS LLC,EFT,292.5
10/31/2025,251030372 ANEW TRANSPORT L,EFT,388
10/31/2025,ZELLE PAYMENT TO RICHARD WHITE,TRANSFER,-100
10/31/2025,INTERNET TRANSFER #976939 TO CHECKING XXX-XXX-2425,TRANSFER,-550
