April,,,,,,,
Date,Company,Pick-Up,Drop-off,Load #,Amount,Date Paid,Notes
4/3/2025,Acertus,Sheridan,Denver,12603059,$270.00,4/21,
4/3/2025,Acertus,Commerce City,Denver,12712675,$80.00,4/8,
4/3/2025,Acertus,Commerce City,Denver,12712671,$80.00,4/8,
4/3/2025,Acertus,Commerce City,Denver,12712667,$80.00,4/8,
4/3/2025,Acertus,Commerce City,Denver,12712663,$80.00,4/8,
4/4/2025,RCG,Littleton,Bennett,RN30625A,$75.00,4/9,
4/4/2025,RCG,Littleton,Bennett,RN30628A ,$75.00,4/8,
4/4/2025,RCG,Littleton,Bennett,RN30626A ,$75.00,4/9,
4/4/2025,Ready,Thornton ,Aurora,10380667408,$130.00,4/5?,
4/4/2025,Ready,Denver ,Aurora,10382744250,$80.00,4/8?,
4/4/2025,Ready,Denver ,Aurora,10381548267,$71.23,4/5?,
4/4/2025,Acertus,Parker ,Denver,12734881,$100.00,4/8,
4/4/2025,Ready,Parker ,Aurora,10383076696,$93.82,4/8?,
4/5/2025,United,Golden,Federal Heights,81753682,$240.00,4/9,
4/5/2025,United,Golden,Federal Heights,82061449,$240.00,4/9,
4/7/2025,RCG,Littleton,Bennett,RN32951A,$75.00,4/11,
4/7/2025,Ready,Littleton,Aurora,10382282333,$80.57,,
4/7/2025,Ready,Littleton,Aurora,10383554915,DRF,$50,Vehicle not there
4/7/2025,Ready,Littleton,Aurora,10383947904,Inop ,$50,Need to report unexpected inop
4/7/2025,Ready,Englewood,Aurora,10382534905,$74.49,4/8?,
4/7/2025,Ready,Westminster,Aurora,10381176609,$100.00,4/9?,
4/7/2025,Ready,Westminster,Aurora,10381176600,$100.00,4/9?,
4/7/2025,Ready,Denver ,Aurora,10382744294,$80.00,4/9?,
4/8/2025,Acertus,Englewood,Denver,12735079,$90.00,4/16,
4/8/2025,Acertus,Denver,Denver,12674293,$100.00,4/21,
4/8/2025,Carvana,Englewood,Denver,107124,$92.40,4/11,
4/8/2025,Ready,Centennial,Aurora,10381535283,$77.69,4/10?,
4/8/2025,Ready,Centennial,Aurora,10381534907,$77.69,4/10?,
4/8/2025,Ready,Englewood,Aurora,10383616088,$77.69,4/10?,
4/8/2025,Ready,Centennial,Aurora,10385592493,$77.69,4/10?,
4/8/2025,Ready,Centennial,Aurora,10385592488,$77.69,4/10?,
4/8/2025,Ready,Centennial,Aurora,10385592495,$77.69,4/10?,
4/8/2025,Ready,Centennial,Aurora,10385592472,$77.69,4/10?,
4/8/2025,Ready,Centennial,Aurora,10385592492,$77.69,4/10?,
4/9/2025,Acertus,Brighton,Denver,12766277,$100.00,4/16,
4/9/2025,Acertus,Brighton,Denver,12766303,$85.00,4/16,
4/9/2025,Acertus,Brighton,Denver,12766275,$85.00,4/16,
4/9/2025,Ready,Englewood,Aurora,10382382350,$72.06,4/11?,
4/9/2025,Ready,Englewood,Aurora,10382499017,$74.49,4/11?,
4/9/2025,Ready,Englewood,Aurora,10385712187,$74.49,4/11?,
4/9/2025,Expedited,Lakewood,Aurora, EF-59604 ,$80.00,4/15,
4/9/2025,Expedited,Lakewood,Aurora,EF-159393,$80.00,4/15,
4/9/2025,Ready,Lakewood,Aurora,10385021041,$70.64,4/11?,
4/10/2025,Ready,Englewood,Aurora,10386144354,$72.06,4/11?,
4/10/2025,Ready,Lakewood,Aurora,10382744060,$75.72,4/11?,
4/10/2025,Ready,Lakewood,Aurora,10385624834,$140.01,4/11?,
4/10/2025,Acertus,Aurora,Denver,12752503,$90.00,4/16,
4/10/2025,Acertus,Aurora,Denver,12785749,$85.00,4/16,
4/10/2025,Acertus,Denver,Denver,12735259,$103.00,4/16,
4/10/2025,Ready,Englewood,Aurora,10382643452,$77.69,4/12?,
4/10/2025,Ready,Englewood,Aurora,10385669200,$80.00,4/12?,
4/10/2025,Ready,Centennial,Aurora,10385724283,$77.69,4/12?,
4/11/2025,Ready,Englewood,Aurora,10387487268,$74.49,4/12?,2022 SUBARU OUTBACK | N3224618
4/11/2025,Ready,Englewood,Aurora,10385747325,$74.49,,load# 10389807006 - keep this $74.49
4/11/2025,Ready,Denver,Aurora,10384019704,$100.00,4/12?,
4/11/2025,Ready,Parker ,Aurora,10383763593,$93.82,4/15?,
4/11/2025,Ready,Parker ,Aurora,10385462908,$79.60,4/15?,
4/11/2025,Ready,Centennial,Aurora,10384765267,$77.69,4/15?,
4/14/2025,Ready,Littleton,Aurora,10386353381,$77.69,4/15?,
4/14/2025,CarsArrive,Highlands Ranch,Denver,20521746,$85.00,4/21,
4/14/2025,Ready,Centennial ,Aurora,10386204787,$77.69,4/15?,
4/14/2025,Ready,Centennial ,Aurora,10384944061,$77.69,4/15?,
4/14/2025,Ready,Centennial ,Aurora,10384943847,$77.69,4/15?,
4/14/2025,United,Greenwood Village,Parker,82186684,$240.00,4/21,
4/15/2025,United,Englewood,Parker,82164204,$80.00,4/21,
4/15/2025,United,Denver,Parker,82174858,$80.00,4/21,
4/15/2025,United,Englewood ,Parker,82152081,$80.00,4/21,
4/15/2025,Ready,Greenwood Village,Aurora,10385741630,$74.49,4/17?,
4/15/2025,Ready,Greenwood Village,Aurora,10383922714,$74.49,4/17?,
4/15/2025,Ready,Greenwood Village,Aurora,10383922717,$74.49,4/17?,
4/15/2025,Ready,Greenwood Village,Aurora,10383922698,$74.49,4/17?,
4/15/2025,Ready,Greenwood Village,Aurora,10383922716,$74.49,4/17?,
4/15/2025,Ready,Greenwood Village,Aurora,10383922718,$74.49,4/17?,
4/16/2025,Acertus,Aurora,Denver,12865297,$85.00,4/21,
4/16/2025,Acertus,Denver,Denver,12735257,$100.00,,
4/16/2025,Acertus,Denver,Denver,12876327,$100.00,4/21,
4/16/2025,Ready,Denver,Aurora,10386105708,$100.00,4/18?,
4/16/2025,Ready,Denver,Aurora,10386104855,$80.00,4/18?,
4/16/2025,Ready,Broomfield,Aurora,10386547114,$80.00,4/18?,
4/17/2025,Ready,Englewood,Aurora,10389807006,$74.49,4/18?,
4/17/2025,Acertus,Centennial,Denver,12910849,$90.00,4/21,
4/17/2025,Acertus,Lakewood,Denver,12875961,$95.00,4/21,
4/17/2025,Acertus,Lakewood,Denver,12883649,$100.00,4/21,
4/17/2025,Expedited,Lakewood,Aurora,EF-60427,$80.00,4/23,
4/17/2025,Ready,Brighton,Aurora,10388703739,$100.00,4/19?,
4/17/2025,Ready,Brighton,Aurora,10387473577,$125.00,4/19?,
4/18/2025,Acertus,Englewood ,Denver,12914043,$100.00,,
4/18/2025,Acertus,Englewood ,Thornton,12913921,$100.00,,
4/18/2025,Ready,Englewood ,Aurora,10389439280,$80.00,4/19?,
4/18/2025,Acertus,Brighton,Denver,12883609,$85.00,,
4/23/2025,Acertus,Aurora,Denver,12933285,$90.00,,
4/23/2025,Acertus,Aurora,Denver,12962971,$90.00,,
4/23/2025,Carvana,Aurora,Denver,111120,$75.00,,
4/23/2025,Ready,Denver,Aurora,10389515832,$80.00,4/25?,
4/23/2025,Ready,Denver,Aurora,10389662428,$80.00,4/25?,
4/23/2025,Ready,Denver,Aurora,10392805760,$80.00,4/25?,
4/24/2025,United,Aurora,Parker,82322847,$225.00,,
4/24/2025,United,Centennial,Parker,82322806,$240.00,,
4/25/2025,Ubacar ,Littleton,Denver,COPART-50212765,$130.00,,
4/25/2025,Progressive ,Centennial,Aurora,5493126,$100.00,,
4/25/2025,Ready,Brighton,Aurora,10392931250,$100.00,4/29?,
4/25/2025,Ready,Brighton,Aurora,10392149898,$100.00,4/29?,
4/25/2025,Acertus,Thornton ,Aurora,12962367,$150.00,,
4/29/2025,MoveWheels,Westminster,Grand Junction,5439463,$450.00,,
4/30/2025,Acertus,Denver,Denver,13046089,$100.00,,
4/30/2025,Acertus,Denver,Denver,13058867,$100.00,,
4/30/2025,Acertus,Denver,Denver,13046095,$300.00,,
4/30/2025,United,Littleton,Parker,82393824,$240.00,,